id,name,model_id:id,group_id:id,perm_read,perm_write,perm_create,perm_unlink
access_purchase_request_user,purchase.request.user,model_purchase_request,group_purchase_request_user,1,1,1,1
access_purchase_request_manager,purchase.request.manager,model_purchase_request,group_purchase_request_manager,1,1,1,1
access_purchase_request_line_user,purchase.request.line.user,model_purchase_request_line,group_purchase_request_user,1,1,1,1
access_purchase_request_line_manager,purchase.request.line.manager,model_purchase_request_line,group_purchase_request_manager,1,1,1,1
access_purchase_request_allocation_user,purchase.request.allocation.user,model_purchase_request_allocation,group_purchase_request_user,1,0,0,0
access_purchase_request_allocation_manager,purchase.request.allocation.manager,model_purchase_request_allocation,group_purchase_request_manager,1,1,1,1

access_requi_purchase_request_wizard_user,requi.purchase.request.wizard.user,model_requi_purchase_request_wizard,group_purchase_request_user,1,1,1,0
access_requi_purchase_request_wizard_line_user,requi.purchase.request.wizard.line.user,model_requi_purchase_request_wizard_line,group_purchase_request_user,1,1,1,0
access_replenish_purchase_request_wizard_user,replenish.purchase.request.wizard.user,model_replenish_purchase_request_wizard,group_purchase_request_user,1,1,1,0
access_replenish_purchase_request_wizard_line_user,replenish.purchase.request.wizard.line.user,model_replenish_purchase_request_wizard_line,group_purchase_request_user,1,1,1,0
access_purchase_request_add_to_rfq_wizard_user,purchase.request.add.to.rfq.wizard.user,model_purchase_request_add_to_rfq_wizard,group_purchase_request_user,1,1,1,0
access_purchase_request_add_to_rfq_wizard_line_user,purchase.request.add.to.rfq.wizard.line.user,model_purchase_request_add_to_rfq_wizard_line,group_purchase_request_user,1,1,1,0

access_requi_purchase_request_wizard_manager,requi.purchase.request.wizard.manager,model_requi_purchase_request_wizard,group_purchase_request_user,1,1,1,0
access_requi_purchase_request_wizard_line_manager,requi.purchase.request.wizard.line.manager,model_requi_purchase_request_wizard_line,group_purchase_request_user,1,1,1,0
access_replenish_purchase_request_wizard_manager,replenish.purchase.request.wizard.manager,model_replenish_purchase_request_wizard,group_purchase_request_user,1,1,1,0
access_replenish_purchase_request_wizard_line_manager,replenish.purchase.request.wizard.line.manager,model_replenish_purchase_request_wizard_line,group_purchase_request_user,1,1,1,0
access_purchase_request_add_to_rfq_wizard_manager,purchase.request.add.to.rfq.wizard.user,model_purchase_request_add_to_rfq_wizard,group_purchase_request_user,1,1,1,0
access_purchase_request_add_to_rfq_wizard_line_manager,purchase.request.add.to.rfq.wizard.line.manager,model_purchase_request_add_to_rfq_wizard_line,group_purchase_request_user,1,1,1,0